"STATION","NAME","LATITUDE","LONGITUDE","ELEVATION","DATE","TAVG","TMAX"
"USC00186350","NATIONAL ARBORETUM DC, MD US","38.9133","-76.97","15.2","1949","59.3","70.5"
"USC00186350","NATIONAL ARBORETUM DC, MD US","38.9133","-76.97","15.2","1950",,"68.0"
"USC00186350","NATIONAL ARBORETUM DC, MD US","38.9133","-76.97","15.2","1951","57.4","69.1"
"USC00186350","NATIONAL ARBORETUM DC, MD US","38.9133","-76.97","15.2","1954",,
"USC00186350","NATIONAL ARBORETUM DC, MD US","38.9133","-76.97","15.2","1955","58.0","68.5"
"USC00186350","NATIONAL ARBORETUM DC, MD US","38.9133","-76.97","15.2","1956","57.5","68.0"
"USC00186350","NATIONAL ARBORETUM DC, MD US","38.9133","-76.97","15.2","1957","58.3","69.0"
"USC00186350","NATIONAL ARBORETUM DC, MD US","38.9133","-76.97","15.2","1958","55.2","65.6"
"USC00186350","NATIONAL ARBORETUM DC, MD US","38.9133","-76.97","15.2","1959","59.0","69.9"
"USC00186350","NATIONAL ARBORETUM DC, MD US","38.9133","-76.97","15.2","1960","56.2","66.6"
"USC00186350","NATIONAL ARBORETUM DC, MD US","38.9133","-76.97","15.2","1961","56.8","67.0"
"USC00186350","NATIONAL ARBORETUM DC, MD US","38.9133","-76.97","15.2","1962","56.2","66.5"
"USC00186350","NATIONAL ARBORETUM DC, MD US","38.9133","-76.97","15.2","1963","56.2","67.5"
"USC00186350","NATIONAL ARBORETUM DC, MD US","38.9133","-76.97","15.2","1964","57.4","68.6"
"USC00186350","NATIONAL ARBORETUM DC, MD US","38.9133","-76.97","15.2","1965","56.7","67.9"
"USC00186350","NATIONAL ARBORETUM DC, MD US","38.9133","-76.97","15.2","1966","56.0","67.0"
"USC00186350","NATIONAL ARBORETUM DC, MD US","38.9133","-76.97","15.2","1967","55.6","66.8"
"USC00186350","NATIONAL ARBORETUM DC, MD US","38.9133","-76.97","15.2","1968","56.9","67.9"
"USC00186350","NATIONAL ARBORETUM DC, MD US","38.9133","-76.97","15.2","1969","56.2","66.5"
"USC00186350","NATIONAL ARBORETUM DC, MD US","38.9133","-76.97","15.2","1970","56.9","67.5"
"USC00186350","NATIONAL ARBORETUM DC, MD US","38.9133","-76.97","15.2","1971","57.1","67.9"
"USC00186350","NATIONAL ARBORETUM DC, MD US","38.9133","-76.97","15.2","1972","56.1","66.5"
"USC00186350","NATIONAL ARBORETUM DC, MD US","38.9133","-76.97","15.2","1973",,"67.4"
"USC00186350","NATIONAL ARBORETUM DC, MD US","38.9133","-76.97","15.2","1974","56.6","67.0"
"USC00186350","NATIONAL ARBORETUM DC, MD US","38.9133","-76.97","15.2","1975","56.5","66.4"
"USC00186350","NATIONAL ARBORETUM DC, MD US","38.9133","-76.97","15.2","1976","55.2","65.9"
"USC00186350","NATIONAL ARBORETUM DC, MD US","38.9133","-76.97","15.2","1977","56.3","66.4"
"USC00186350","NATIONAL ARBORETUM DC, MD US","38.9133","-76.97","15.2","1978","54.9","64.9"
"USC00186350","NATIONAL ARBORETUM DC, MD US","38.9133","-76.97","15.2","1979","54.8","64.8"
"USC00186350","NATIONAL ARBORETUM DC, MD US","38.9133","-76.97","15.2","1981","55.0","65.4"
"USC00186350","NATIONAL ARBORETUM DC, MD US","38.9133","-76.97","15.2","1982","55.3","66.2"
"USC00186350","NATIONAL ARBORETUM DC, MD US","38.9133","-76.97","15.2","1983","55.5","66.1"
"USC00186350","NATIONAL ARBORETUM DC, MD US","38.9133","-76.97","15.2","1984","55.2","66.1"
"USC00186350","NATIONAL ARBORETUM DC, MD US","38.9133","-76.97","15.2","1985","55.7","67.2"
"USC00186350","NATIONAL ARBORETUM DC, MD US","38.9133","-76.97","15.2","1986","55.1","66.8"
"USC00186350","NATIONAL ARBORETUM DC, MD US","38.9133","-76.97","15.2","1987","55.8","68.1"
"USC00186350","NATIONAL ARBORETUM DC, MD US","38.9133","-76.97","15.2","1988","54.4","67.2"
"USC00186350","NATIONAL ARBORETUM DC, MD US","38.9133","-76.97","15.2","1989",,
"USC00186350","NATIONAL ARBORETUM DC, MD US","38.9133","-76.97","15.2","1990","58.5","69.8"
"USC00186350","NATIONAL ARBORETUM DC, MD US","38.9133","-76.97","15.2","1991","59.0","69.5"
"USC00186350","NATIONAL ARBORETUM DC, MD US","38.9133","-76.97","15.2","1992","55.4","65.1"
"USC00186350","NATIONAL ARBORETUM DC, MD US","38.9133","-76.97","15.2","1993",,"66.9"
"USC00186350","NATIONAL ARBORETUM DC, MD US","38.9133","-76.97","15.2","1994",,"67.5"
"USC00186350","NATIONAL ARBORETUM DC, MD US","38.9133","-76.97","15.2","1995",,
"USC00186350","NATIONAL ARBORETUM DC, MD US","38.9133","-76.97","15.2","1996",,"64.1"
"USC00186350","NATIONAL ARBORETUM DC, MD US","38.9133","-76.97","15.2","1997",,"65.9"
"USC00186350","NATIONAL ARBORETUM DC, MD US","38.9133","-76.97","15.2","1998",,"70.8"
"USC00186350","NATIONAL ARBORETUM DC, MD US","38.9133","-76.97","15.2","1999","57.9","69.5"
"USC00186350","NATIONAL ARBORETUM DC, MD US","38.9133","-76.97","15.2","2000","56.3","67.9"
"USC00186350","NATIONAL ARBORETUM DC, MD US","38.9133","-76.97","15.2","2003","55.9","64.9"
"USC00186350","NATIONAL ARBORETUM DC, MD US","38.9133","-76.97","15.2","2004","57.2","66.5"
"USC00186350","NATIONAL ARBORETUM DC, MD US","38.9133","-76.97","15.2","2005",,
"USC00186350","NATIONAL ARBORETUM DC, MD US","38.9133","-76.97","15.2","2006",,
"USC00186350","NATIONAL ARBORETUM DC, MD US","38.9133","-76.97","15.2","2007","57.8","67.8"
"USC00186350","NATIONAL ARBORETUM DC, MD US","38.9133","-76.97","15.2","2008","57.3","67.1"
"USC00186350","NATIONAL ARBORETUM DC, MD US","38.9133","-76.97","15.2","2009","58.2","67.9"
"USC00186350","NATIONAL ARBORETUM DC, MD US","38.9133","-76.97","15.2","2010",,
"USC00186350","NATIONAL ARBORETUM DC, MD US","38.9133","-76.97","15.2","2011",,
"USC00186350","NATIONAL ARBORETUM DC, MD US","38.9133","-76.97","15.2","2012","60.1","70.6"
"USC00186350","NATIONAL ARBORETUM DC, MD US","38.9133","-76.97","15.2","2013","57.7","67.1"
"USC00186350","NATIONAL ARBORETUM DC, MD US","38.9133","-76.97","15.2","2014",,
"USC00186350","NATIONAL ARBORETUM DC, MD US","38.9133","-76.97","15.2","2015","58.7","68.3"
"USC00186350","NATIONAL ARBORETUM DC, MD US","38.9133","-76.97","15.2","2016","59.4","69.2"
"USC00186350","NATIONAL ARBORETUM DC, MD US","38.9133","-76.97","15.2","2017","59.4","68.9"
"USC00186350","NATIONAL ARBORETUM DC, MD US","38.9133","-76.97","15.2","2018","58.8","67.6"
"USC00186350","NATIONAL ARBORETUM DC, MD US","38.9133","-76.97","15.2","2019","59.2","68.7"
"USC00186350","NATIONAL ARBORETUM DC, MD US","38.9133","-76.97","15.2","2020","59.5","68.8"
"USC00186350","NATIONAL ARBORETUM DC, MD US","38.9133","-76.97","15.2","2021",,
"USW00023272","SAN FRANCISCO DOWNTOWN, CA US","37.7705","-122.4269","45.7","1921","56.9","63.3"
"USW00023272","SAN FRANCISCO DOWNTOWN, CA US","37.7705","-122.4269","45.7","1922","55.8","62.3"
"USW00023272","SAN FRANCISCO DOWNTOWN, CA US","37.7705","-122.4269","45.7","1923","57.4","64.0"
"USW00023272","SAN FRANCISCO DOWNTOWN, CA US","37.7705","-122.4269","45.7","1924","56.9","63.4"
"USW00023272","SAN FRANCISCO DOWNTOWN, CA US","37.7705","-122.4269","45.7","1925","57.9","64.1"
"USW00023272","SAN FRANCISCO DOWNTOWN, CA US","37.7705","-122.4269","45.7","1926","58.8","65.6"
"USW00023272","SAN FRANCISCO DOWNTOWN, CA US","37.7705","-122.4269","45.7","1927","57.2","63.6"
"USW00023272","SAN FRANCISCO DOWNTOWN, CA US","37.7705","-122.4269","45.7","1928","57.1","63.4"
"USW00023272","SAN FRANCISCO DOWNTOWN, CA US","37.7705","-122.4269","45.7","1929","57.3","64.0"
"USW00023272","SAN FRANCISCO DOWNTOWN, CA US","37.7705","-122.4269","45.7","1930","57.9","64.4"
"USW00023272","SAN FRANCISCO DOWNTOWN, CA US","37.7705","-122.4269","45.7","1931","58.3","65.0"
"USW00023272","SAN FRANCISCO DOWNTOWN, CA US","37.7705","-122.4269","45.7","1932","57.1","63.9"
"USW00023272","SAN FRANCISCO DOWNTOWN, CA US","37.7705","-122.4269","45.7","1933","56.3","62.9"
"USW00023272","SAN FRANCISCO DOWNTOWN, CA US","37.7705","-122.4269","45.7","1934","58.9","65.5"
"USW00023272","SAN FRANCISCO DOWNTOWN, CA US","37.7705","-122.4269","45.7","1935","57.1","63.7"
"USW00023272","SAN FRANCISCO DOWNTOWN, CA US","37.7705","-122.4269","45.7","1936","58.4","64.9"
"USW00023272","SAN FRANCISCO DOWNTOWN, CA US","37.7705","-122.4269","45.7","1937","56.5","62.4"
"USW00023272","SAN FRANCISCO DOWNTOWN, CA US","37.7705","-122.4269","45.7","1938","56.5","62.2"
"USW00023272","SAN FRANCISCO DOWNTOWN, CA US","37.7705","-122.4269","45.7","1939","57.5","63.8"
"USW00023272","SAN FRANCISCO DOWNTOWN, CA US","37.7705","-122.4269","45.7","1940","58.4","63.8"
"USW00023272","SAN FRANCISCO DOWNTOWN, CA US","37.7705","-122.4269","45.7","1941","58.5","63.8"
"USW00023272","SAN FRANCISCO DOWNTOWN, CA US","37.7705","-122.4269","45.7","1942","56.5","62.0"
"USW00023272","SAN FRANCISCO DOWNTOWN, CA US","37.7705","-122.4269","45.7","1943","57.5","63.2"
"USW00023272","SAN FRANCISCO DOWNTOWN, CA US","37.7705","-122.4269","45.7","1944","56.3","61.8"
"USW00023272","SAN FRANCISCO DOWNTOWN, CA US","37.7705","-122.4269","45.7","1945","56.7","62.2"
"USW00023272","SAN FRANCISCO DOWNTOWN, CA US","37.7705","-122.4269","45.7","1946","56.1","61.8"
"USW00023272","SAN FRANCISCO DOWNTOWN, CA US","37.7705","-122.4269","45.7","1947","57.2","63.2"
"USW00023272","SAN FRANCISCO DOWNTOWN, CA US","37.7705","-122.4269","45.7","1948","55.8","61.6"
"USW00023272","SAN FRANCISCO DOWNTOWN, CA US","37.7705","-122.4269","45.7","1949","55.5","61.4"
"USW00023272","SAN FRANCISCO DOWNTOWN, CA US","37.7705","-122.4269","45.7","1950","56.2","62.2"
"USW00023272","SAN FRANCISCO DOWNTOWN, CA US","37.7705","-122.4269","45.7","1951","55.3","60.9"
"USW00023272","SAN FRANCISCO DOWNTOWN, CA US","37.7705","-122.4269","45.7","1952","55.5","61.3"
"USW00023272","SAN FRANCISCO DOWNTOWN, CA US","37.7705","-122.4269","45.7","1953","56.7","62.9"
"USW00023272","SAN FRANCISCO DOWNTOWN, CA US","37.7705","-122.4269","45.7","1954","56.3","62.2"
"USW00023272","SAN FRANCISCO DOWNTOWN, CA US","37.7705","-122.4269","45.7","1955","55.2","61.2"
"USW00023272","SAN FRANCISCO DOWNTOWN, CA US","37.7705","-122.4269","45.7","1956","56.5","62.8"
"USW00023272","SAN FRANCISCO DOWNTOWN, CA US","37.7705","-122.4269","45.7","1957","57.3","62.9"
"USW00023272","SAN FRANCISCO DOWNTOWN, CA US","37.7705","-122.4269","45.7","1958","58.8","64.7"
"USW00023272","SAN FRANCISCO DOWNTOWN, CA US","37.7705","-122.4269","45.7","1959","58.7","65.0"
"USW00023272","SAN FRANCISCO DOWNTOWN, CA US","37.7705","-122.4269","45.7","1960","56.4","61.9"
"USW00023272","SAN FRANCISCO DOWNTOWN, CA US","37.7705","-122.4269","45.7","1961","56.9","62.6"
"USW00023272","SAN FRANCISCO DOWNTOWN, CA US","37.7705","-122.4269","45.7","1962","56.0","61.7"
"USW00023272","SAN FRANCISCO DOWNTOWN, CA US","37.7705","-122.4269","45.7","1963","57.0","62.6"
"USW00023272","SAN FRANCISCO DOWNTOWN, CA US","37.7705","-122.4269","45.7","1964","56.4","62.2"
"USW00023272","SAN FRANCISCO DOWNTOWN, CA US","37.7705","-122.4269","45.7","1965","56.5","61.8"
"USW00023272","SAN FRANCISCO DOWNTOWN, CA US","37.7705","-122.4269","45.7","1966","56.8","62.8"
"USW00023272","SAN FRANCISCO DOWNTOWN, CA US","37.7705","-122.4269","45.7","1967","56.9","62.5"
"USW00023272","SAN FRANCISCO DOWNTOWN, CA US","37.7705","-122.4269","45.7","1968","57.0","62.4"
"USW00023272","SAN FRANCISCO DOWNTOWN, CA US","37.7705","-122.4269","45.7","1969","56.4","61.9"
"USW00023272","SAN FRANCISCO DOWNTOWN, CA US","37.7705","-122.4269","45.7","1970","56.9","62.6"
"USW00023272","SAN FRANCISCO DOWNTOWN, CA US","37.7705","-122.4269","45.7","1971","55.5","61.2"
"USW00023272","SAN FRANCISCO DOWNTOWN, CA US","37.7705","-122.4269","45.7","1972","56.1","61.5"
"USW00023272","SAN FRANCISCO DOWNTOWN, CA US","37.7705","-122.4269","45.7","1973","56.4","62.0"
"USW00023272","SAN FRANCISCO DOWNTOWN, CA US","37.7705","-122.4269","45.7","1974","56.2","61.8"
"USW00023272","SAN FRANCISCO DOWNTOWN, CA US","37.7705","-122.4269","45.7","1975","55.8","61.3"
"USW00023272","SAN FRANCISCO DOWNTOWN, CA US","37.7705","-122.4269","45.7","1976","57.6","63.8"
"USW00023272","SAN FRANCISCO DOWNTOWN, CA US","37.7705","-122.4269","45.7","1977","57.0","62.6"
"USW00023272","SAN FRANCISCO DOWNTOWN, CA US","37.7705","-122.4269","45.7","1978","58.1","63.9"
"USW00023272","SAN FRANCISCO DOWNTOWN, CA US","37.7705","-122.4269","45.7","1979","58.1","63.5"
"USW00023272","SAN FRANCISCO DOWNTOWN, CA US","37.7705","-122.4269","45.7","1980","57.4","62.9"
"USW00023272","SAN FRANCISCO DOWNTOWN, CA US","37.7705","-122.4269","45.7","1981","57.3","62.9"
"USW00023272","SAN FRANCISCO DOWNTOWN, CA US","37.7705","-122.4269","45.7","1982","56.2","61.8"
"USW00023272","SAN FRANCISCO DOWNTOWN, CA US","37.7705","-122.4269","45.7","1983","58.9","65.5"
"USW00023272","SAN FRANCISCO DOWNTOWN, CA US","37.7705","-122.4269","45.7","1984","58.2","65.9"
"USW00023272","SAN FRANCISCO DOWNTOWN, CA US","37.7705","-122.4269","45.7","1985","58.5","65.6"
"USW00023272","SAN FRANCISCO DOWNTOWN, CA US","37.7705","-122.4269","45.7","1986","60.1","67.0"
"USW00023272","SAN FRANCISCO DOWNTOWN, CA US","37.7705","-122.4269","45.7","1987","59.3","66.8"
"USW00023272","SAN FRANCISCO DOWNTOWN, CA US","37.7705","-122.4269","45.7","1988","59.2","66.9"
"USW00023272","SAN FRANCISCO DOWNTOWN, CA US","37.7705","-122.4269","45.7","1989","58.2","65.8"
"USW00023272","SAN FRANCISCO DOWNTOWN, CA US","37.7705","-122.4269","45.7","1990","58.8","66.6"
"USW00023272","SAN FRANCISCO DOWNTOWN, CA US","37.7705","-122.4269","45.7","1991","58.5","66.1"
"USW00023272","SAN FRANCISCO DOWNTOWN, CA US","37.7705","-122.4269","45.7","1992","60.8","68.5"
"USW00023272","SAN FRANCISCO DOWNTOWN, CA US","37.7705","-122.4269","45.7","1993","59.8","67.5"
"USW00023272","SAN FRANCISCO DOWNTOWN, CA US","37.7705","-122.4269","45.7","1994","57.6","65.0"
"USW00023272","SAN FRANCISCO DOWNTOWN, CA US","37.7705","-122.4269","45.7","1995","59.8","66.8"
"USW00023272","SAN FRANCISCO DOWNTOWN, CA US","37.7705","-122.4269","45.7","1996","60.2","68.0"
"USW00023272","SAN FRANCISCO DOWNTOWN, CA US","37.7705","-122.4269","45.7","1997","60.0","67.5"
"USW00023272","SAN FRANCISCO DOWNTOWN, CA US","37.7705","-122.4269","45.7","1998","56.8","62.8"
"USW00023272","SAN FRANCISCO DOWNTOWN, CA US","37.7705","-122.4269","45.7","1999","56.1","62.6"
"USW00023272","SAN FRANCISCO DOWNTOWN, CA US","37.7705","-122.4269","45.7","2000","57.3","63.4"
"USW00023272","SAN FRANCISCO DOWNTOWN, CA US","37.7705","-122.4269","45.7","2001","57.6","64.9"
"USW00023272","SAN FRANCISCO DOWNTOWN, CA US","37.7705","-122.4269","45.7","2002","56.9","63.7"
"USW00023272","SAN FRANCISCO DOWNTOWN, CA US","37.7705","-122.4269","45.7","2003","58.2","64.9"
"USW00023272","SAN FRANCISCO DOWNTOWN, CA US","37.7705","-122.4269","45.7","2004","58.3","64.9"
"USW00023272","SAN FRANCISCO DOWNTOWN, CA US","37.7705","-122.4269","45.7","2005","57.9","64.2"
"USW00023272","SAN FRANCISCO DOWNTOWN, CA US","37.7705","-122.4269","45.7","2006","56.7","63.0"
"USW00023272","SAN FRANCISCO DOWNTOWN, CA US","37.7705","-122.4269","45.7","2007","57.3","63.8"
"USW00023272","SAN FRANCISCO DOWNTOWN, CA US","37.7705","-122.4269","45.7","2008","57.3","64.0"
"USW00023272","SAN FRANCISCO DOWNTOWN, CA US","37.7705","-122.4269","45.7","2009","57.4","63.9"
"USW00023272","SAN FRANCISCO DOWNTOWN, CA US","37.7705","-122.4269","45.7","2010","56.9","62.7"
"USW00023272","SAN FRANCISCO DOWNTOWN, CA US","37.7705","-122.4269","45.7","2011","56.7","62.7"
"USW00023272","SAN FRANCISCO DOWNTOWN, CA US","37.7705","-122.4269","45.7","2012","56.8","62.9"
"USW00023272","SAN FRANCISCO DOWNTOWN, CA US","37.7705","-122.4269","45.7","2013","57.4","64.1"
"USW00023272","SAN FRANCISCO DOWNTOWN, CA US","37.7705","-122.4269","45.7","2014","59.9","66.0"
"USW00023272","SAN FRANCISCO DOWNTOWN, CA US","37.7705","-122.4269","45.7","2015","59.7","66.0"
"USW00023272","SAN FRANCISCO DOWNTOWN, CA US","37.7705","-122.4269","45.7","2016","58.5","64.4"
"USW00023272","SAN FRANCISCO DOWNTOWN, CA US","37.7705","-122.4269","45.7","2017","58.8","65.3"
"USW00023272","SAN FRANCISCO DOWNTOWN, CA US","37.7705","-122.4269","45.7","2018","57.9","63.9"
"USW00023272","SAN FRANCISCO DOWNTOWN, CA US","37.7705","-122.4269","45.7","2019","58.4","64.4"
"USW00023272","SAN FRANCISCO DOWNTOWN, CA US","37.7705","-122.4269","45.7","2020","58.8","65.3"
"USW00023272","SAN FRANCISCO DOWNTOWN, CA US","37.7705","-122.4269","45.7","2021",,
"USW00093134","LOS ANGELES DOWNTOWN USC, CA US","34.0236","-118.2911","54.6","1909","61.4","70.2"
"USW00093134","LOS ANGELES DOWNTOWN USC, CA US","34.0236","-118.2911","54.6","1910","63.1","72.7"
"USW00093134","LOS ANGELES DOWNTOWN USC, CA US","34.0236","-118.2911","54.6","1911","62.1","71.1"
"USW00093134","LOS ANGELES DOWNTOWN USC, CA US","34.0236","-118.2911","54.6","1913","62.5","71.6"
"USW00093134","LOS ANGELES DOWNTOWN USC, CA US","34.0236","-118.2911","54.6","1921","63.0","71.9"
"USW00093134","LOS ANGELES DOWNTOWN USC, CA US","34.0236","-118.2911","54.6","1922","62.5","71.6"
"USW00093134","LOS ANGELES DOWNTOWN USC, CA US","34.0236","-118.2911","54.6","1923","63.7","72.6"
"USW00093134","LOS ANGELES DOWNTOWN USC, CA US","34.0236","-118.2911","54.6","1924","63.5","72.8"
"USW00093134","LOS ANGELES DOWNTOWN USC, CA US","34.0236","-118.2911","54.6","1925","63.9","72.7"
"USW00093134","LOS ANGELES DOWNTOWN USC, CA US","34.0236","-118.2911","54.6","1926","65.1","73.8"
"USW00093134","LOS ANGELES DOWNTOWN USC, CA US","34.0236","-118.2911","54.6","1927","63.3","71.9"
"USW00093134","LOS ANGELES DOWNTOWN USC, CA US","34.0236","-118.2911","54.6","1928","64.2","73.3"
"USW00093134","LOS ANGELES DOWNTOWN USC, CA US","34.0236","-118.2911","54.6","1929","64.6","73.5"
"USW00093134","LOS ANGELES DOWNTOWN USC, CA US","34.0236","-118.2911","54.6","1930","64.9","73.8"
"USW00093134","LOS ANGELES DOWNTOWN USC, CA US","34.0236","-118.2911","54.6","1931","66.5","75.2"
"USW00093134","LOS ANGELES DOWNTOWN USC, CA US","34.0236","-118.2911","54.6","1932","63.6","72.4"
"USW00093134","LOS ANGELES DOWNTOWN USC, CA US","34.0236","-118.2911","54.6","1933","62.4","71.5"
"USW00093134","LOS ANGELES DOWNTOWN USC, CA US","34.0236","-118.2911","54.6","1934","65.8","74.6"
"USW00093134","LOS ANGELES DOWNTOWN USC, CA US","34.0236","-118.2911","54.6","1935","63.6","72.2"
"USW00093134","LOS ANGELES DOWNTOWN USC, CA US","34.0236","-118.2911","54.6","1936","65.2","73.9"
"USW00093134","LOS ANGELES DOWNTOWN USC, CA US","34.0236","-118.2911","54.6","1937","63.5","72.1"
"USW00093134","LOS ANGELES DOWNTOWN USC, CA US","34.0236","-118.2911","54.6","1938","64.6","73.5"
"USW00093134","LOS ANGELES DOWNTOWN USC, CA US","34.0236","-118.2911","54.6","1939","65.4","74.4"
"USW00093134","LOS ANGELES DOWNTOWN USC, CA US","34.0236","-118.2911","54.6","1940","65.0","74.2"
"USW00093134","LOS ANGELES DOWNTOWN USC, CA US","34.0236","-118.2911","54.6","1941","64.0","73.0"
"USW00093134","LOS ANGELES DOWNTOWN USC, CA US","34.0236","-118.2911","54.6","1942","63.5","73.0"
"USW00093134","LOS ANGELES DOWNTOWN USC, CA US","34.0236","-118.2911","54.6","1943","64.2","73.8"
"USW00093134","LOS ANGELES DOWNTOWN USC, CA US","34.0236","-118.2911","54.6","1944","62.2","71.2"
"USW00093134","LOS ANGELES DOWNTOWN USC, CA US","34.0236","-118.2911","54.6","1945","63.1","72.1"
"USW00093134","LOS ANGELES DOWNTOWN USC, CA US","34.0236","-118.2911","54.6","1946","63.2","72.9"
"USW00093134","LOS ANGELES DOWNTOWN USC, CA US","34.0236","-118.2911","54.6","1947","64.1","73.7"
"USW00093134","LOS ANGELES DOWNTOWN USC, CA US","34.0236","-118.2911","54.6","1948","62.9","73.5"
"USW00093134","LOS ANGELES DOWNTOWN USC, CA US","34.0236","-118.2911","54.6","1949","63.4","73.4"
"USW00093134","LOS ANGELES DOWNTOWN USC, CA US","34.0236","-118.2911","54.6","1950","63.8","73.1"
"USW00093134","LOS ANGELES DOWNTOWN USC, CA US","34.0236","-118.2911","54.6","1951","63.5","72.9"
"USW00093134","LOS ANGELES DOWNTOWN USC, CA US","34.0236","-118.2911","54.6","1952","63.6","72.9"
"USW00093134","LOS ANGELES DOWNTOWN USC, CA US","34.0236","-118.2911","54.6","1953","64.6","74.7"
"USW00093134","LOS ANGELES DOWNTOWN USC, CA US","34.0236","-118.2911","54.6","1954","64.9","74.4"
"USW00093134","LOS ANGELES DOWNTOWN USC, CA US","34.0236","-118.2911","54.6","1955","63.7","72.9"
"USW00093134","LOS ANGELES DOWNTOWN USC, CA US","34.0236","-118.2911","54.6","1956","64.7","74.5"
"USW00093134","LOS ANGELES DOWNTOWN USC, CA US","34.0236","-118.2911","54.6","1957","65.7","74.8"
"USW00093134","LOS ANGELES DOWNTOWN USC, CA US","34.0236","-118.2911","54.6","1958","67.0","76.6"
"USW00093134","LOS ANGELES DOWNTOWN USC, CA US","34.0236","-118.2911","54.6","1959","67.3","76.6"
"USW00093134","LOS ANGELES DOWNTOWN USC, CA US","34.0236","-118.2911","54.6","1960","65.6","75.1"
"USW00093134","LOS ANGELES DOWNTOWN USC, CA US","34.0236","-118.2911","54.6","1961","65.3","74.6"
"USW00093134","LOS ANGELES DOWNTOWN USC, CA US","34.0236","-118.2911","54.6","1962","63.2","72.1"
"USW00093134","LOS ANGELES DOWNTOWN USC, CA US","34.0236","-118.2911","54.6","1963","65.1","73.8"
"USW00093134","LOS ANGELES DOWNTOWN USC, CA US","34.0236","-118.2911","54.6","1964","63.6","72.9"
"USW00093134","LOS ANGELES DOWNTOWN USC, CA US","34.0236","-118.2911","54.6","1965","64.3","73.7"
"USW00093134","LOS ANGELES DOWNTOWN USC, CA US","34.0236","-118.2911","54.6","1966","66.0","75.3"
"USW00093134","LOS ANGELES DOWNTOWN USC, CA US","34.0236","-118.2911","54.6","1967","66.4","75.6"
"USW00093134","LOS ANGELES DOWNTOWN USC, CA US","34.0236","-118.2911","54.6","1968","66.2","75.1"
"USW00093134","LOS ANGELES DOWNTOWN USC, CA US","34.0236","-118.2911","54.6","1969","65.4","73.6"
"USW00093134","LOS ANGELES DOWNTOWN USC, CA US","34.0236","-118.2911","54.6","1970","66.1","75.1"
"USW00093134","LOS ANGELES DOWNTOWN USC, CA US","34.0236","-118.2911","54.6","1971","65.1","74.2"
"USW00093134","LOS ANGELES DOWNTOWN USC, CA US","34.0236","-118.2911","54.6","1972","66.5","76.3"
"USW00093134","LOS ANGELES DOWNTOWN USC, CA US","34.0236","-118.2911","54.6","1973","65.0","74.0"
"USW00093134","LOS ANGELES DOWNTOWN USC, CA US","34.0236","-118.2911","54.6","1974","65.3","74.0"
"USW00093134","LOS ANGELES DOWNTOWN USC, CA US","34.0236","-118.2911","54.6","1975","63.0","71.9"
"USW00093134","LOS ANGELES DOWNTOWN USC, CA US","34.0236","-118.2911","54.6","1976","65.2","74.9"
"USW00093134","LOS ANGELES DOWNTOWN USC, CA US","34.0236","-118.2911","54.6","1977","65.9","75.1"
"USW00093134","LOS ANGELES DOWNTOWN USC, CA US","34.0236","-118.2911","54.6","1978","65.5","74.9"
"USW00093134","LOS ANGELES DOWNTOWN USC, CA US","34.0236","-118.2911","54.6","1979","65.4","74.7"
"USW00093134","LOS ANGELES DOWNTOWN USC, CA US","34.0236","-118.2911","54.6","1980","67.7","76.9"
"USW00093134","LOS ANGELES DOWNTOWN USC, CA US","34.0236","-118.2911","54.6","1981","68.9","77.7"
"USW00093134","LOS ANGELES DOWNTOWN USC, CA US","34.0236","-118.2911","54.6","1982","65.5","73.5"
"USW00093134","LOS ANGELES DOWNTOWN USC, CA US","34.0236","-118.2911","54.6","1983","68.9","76.6"
"USW00093134","LOS ANGELES DOWNTOWN USC, CA US","34.0236","-118.2911","54.6","1984","68.4","77.6"
"USW00093134","LOS ANGELES DOWNTOWN USC, CA US","34.0236","-118.2911","54.6","1985","67.0","76.2"
"USW00093134","LOS ANGELES DOWNTOWN USC, CA US","34.0236","-118.2911","54.6","1986","67.7","77.4"
"USW00093134","LOS ANGELES DOWNTOWN USC, CA US","34.0236","-118.2911","54.6","1987","66.0","75.5"
"USW00093134","LOS ANGELES DOWNTOWN USC, CA US","34.0236","-118.2911","54.6","1988","66.1","75.3"
"USW00093134","LOS ANGELES DOWNTOWN USC, CA US","34.0236","-118.2911","54.6","1989","66.6","76.1"
"USW00093134","LOS ANGELES DOWNTOWN USC, CA US","34.0236","-118.2911","54.6","1990","67.5","76.8"
"USW00093134","LOS ANGELES DOWNTOWN USC, CA US","34.0236","-118.2911","54.6","1991","65.8","74.9"
"USW00093134","LOS ANGELES DOWNTOWN USC, CA US","34.0236","-118.2911","54.6","1992","68.0","77.0"
"USW00093134","LOS ANGELES DOWNTOWN USC, CA US","34.0236","-118.2911","54.6","1993","67.2","76.0"
"USW00093134","LOS ANGELES DOWNTOWN USC, CA US","34.0236","-118.2911","54.6","1994","67.5","76.8"
"USW00093134","LOS ANGELES DOWNTOWN USC, CA US","34.0236","-118.2911","54.6","1995","67.8","76.9"
"USW00093134","LOS ANGELES DOWNTOWN USC, CA US","34.0236","-118.2911","54.6","1996","67.6","76.7"
"USW00093134","LOS ANGELES DOWNTOWN USC, CA US","34.0236","-118.2911","54.6","1997","68.3","77.3"
"USW00093134","LOS ANGELES DOWNTOWN USC, CA US","34.0236","-118.2911","54.6","1998","66.1","74.7"
"USW00093134","LOS ANGELES DOWNTOWN USC, CA US","34.0236","-118.2911","54.6","1999","64.2","73.5"
"USW00093134","LOS ANGELES DOWNTOWN USC, CA US","34.0236","-118.2911","54.6","2000","65.1","74.3"
"USW00093134","LOS ANGELES DOWNTOWN USC, CA US","34.0236","-118.2911","54.6","2001","64.0","72.8"
"USW00093134","LOS ANGELES DOWNTOWN USC, CA US","34.0236","-118.2911","54.6","2002","64.4","73.5"
"USW00093134","LOS ANGELES DOWNTOWN USC, CA US","34.0236","-118.2911","54.6","2003","65.4","74.5"
"USW00093134","LOS ANGELES DOWNTOWN USC, CA US","34.0236","-118.2911","54.6","2004","65.4","74.3"
"USW00093134","LOS ANGELES DOWNTOWN USC, CA US","34.0236","-118.2911","54.6","2005","65.1","73.9"
"USW00093134","LOS ANGELES DOWNTOWN USC, CA US","34.0236","-118.2911","54.6","2006","66.7","76.3"
"USW00093134","LOS ANGELES DOWNTOWN USC, CA US","34.0236","-118.2911","54.6","2007","65.6","75.0"
"USW00093134","LOS ANGELES DOWNTOWN USC, CA US","34.0236","-118.2911","54.6","2008","66.4","76.0"
"USW00093134","LOS ANGELES DOWNTOWN USC, CA US","34.0236","-118.2911","54.6","2009","66.2","75.5"
"USW00093134","LOS ANGELES DOWNTOWN USC, CA US","34.0236","-118.2911","54.6","2010","65.7","74.4"
"USW00093134","LOS ANGELES DOWNTOWN USC, CA US","34.0236","-118.2911","54.6","2011","63.9","73.1"
"USW00093134","LOS ANGELES DOWNTOWN USC, CA US","34.0236","-118.2911","54.6","2012","65.5","74.8"
"USW00093134","LOS ANGELES DOWNTOWN USC, CA US","34.0236","-118.2911","54.6","2013","65.6","75.3"
"USW00093134","LOS ANGELES DOWNTOWN USC, CA US","34.0236","-118.2911","54.6","2014","68.1","77.6"
"USW00093134","LOS ANGELES DOWNTOWN USC, CA US","34.0236","-118.2911","54.6","2015","68.3","77.9"
"USW00093134","LOS ANGELES DOWNTOWN USC, CA US","34.0236","-118.2911","54.6","2016","67.1","76.4"
"USW00093134","LOS ANGELES DOWNTOWN USC, CA US","34.0236","-118.2911","54.6","2017","68.2","77.6"
"USW00093134","LOS ANGELES DOWNTOWN USC, CA US","34.0236","-118.2911","54.6","2018","67.2","76.3"
"USW00093134","LOS ANGELES DOWNTOWN USC, CA US","34.0236","-118.2911","54.6","2019","66.1","74.7"
"USW00093134","LOS ANGELES DOWNTOWN USC, CA US","34.0236","-118.2911","54.6","2020","67.8","77.3"
"USW00093134","LOS ANGELES DOWNTOWN USC, CA US","34.0236","-118.2911","54.6","2021",,
